,Close
0,14.620667457580566
1,14.005999565124512
2,14.085332870483398
3,14.063332557678224
4,14.041333198547363
5,13.77733325958252
6,13.480667114257812
7,13.616666793823242
8,12.845999717712402
9,12.791333198547363
10,12.871333122253418
11,12.795332908630373
12,13.104666709899902
13,13.441332817077637
14,13.419333457946776
15,13.770000457763672
16,13.732000350952148
17,13.291333198547363
18,13.68000030517578
19,13.57333278656006
20,14.062666893005373
21,14.557332992553713
22,14.56999969482422
23,14.732666969299316
24,14.490667343139648
25,14.498666763305664
26,14.419333457946776
27,14.186667442321776
28,13.525333404541016
29,13.584667205810549
30,13.623332977294922
31,13.630666732788086
32,14.11400032043457
33,14.473999977111816
34,13.822667121887209
35,13.607333183288574
36,13.583999633789062
37,13.812666893005373
38,13.555999755859377
39,13.155332565307615
40,13.303999900817873
41,13.496000289916992
42,13.375332832336426
43,12.925333023071287
44,12.725333213806152
45,12.687999725341797
46,12.916000366210938
47,12.73799991607666
48,12.57866668701172
49,13.046667098999023
50,12.982000350952148
51,13.380666732788086
52,13.043333053588867
53,13.20533275604248
54,13.308667182922363
55,13.447999954223633
56,12.953332901000977
57,12.694000244140623
58,12.333333015441896
59,12.704667091369627
60,12.584667205810549
61,12.505999565124512
62,12.733332633972168
63,13.539999961853027
64,13.550000190734863
65,13.844667434692385
66,14.005999565124512
67,14.0600004196167
68,13.985333442687988
69,13.830666542053224
70,13.85533332824707
71,13.779999732971191
72,13.78600025177002
73,13.684666633605955
74,13.96066665649414
75,14.629332542419434
76,14.57333278656006
77,14.562000274658203
78,15.436667442321776
79,15.36533260345459
80,15.49666690826416
81,15.06999969482422
82,15.0686674118042
83,15.36733341217041
84,15.529999732971191
85,15.362000465393066
86,15.786666870117188
87,15.77400016784668
88,15.965999603271484
89,16.31599998474121
90,16.211999893188477
91,16.273332595825195
92,16.589332580566406
93,16.583332061767578
94,16.47599983215332
95,16.290000915527344
96,16.374666213989258
97,16.51533317565918
98,16.497333526611328
99,16.495332717895508
100,16.76333236694336
101,16.719999313354492
102,16.6299991607666
103,16.55666732788086
104,16.599332809448242
105,16.39466667175293
106,16.609333038330078
107,17.086000442504883
108,17.066667556762695
109,16.713333129882812
110,16.76066780090332
111,16.71266746520996
112,16.691999435424805
113,16.874666213989258
114,17.360666275024414
115,17.459333419799805
116,17.500667572021484
117,17.319332122802734
118,17.844667434692383
119,17.67799949645996
120,17.91933250427246
121,17.805999755859375
122,17.468000411987305
123,17.884000778198242
124,17.94333267211914
125,18.667999267578125
126,18.64800071716309
127,17.858667373657227
128,16.997333526611328
129,17.19466781616211
130,17.27666664123535
131,17.477333068847656
132,17.709999084472656
133,17.542667388916016
134,17.778667449951172
135,18.310667037963867
136,18.817333221435547
137,17.784666061401367
138,17.857999801635742
139,17.81333351135254
140,17.694000244140625
141,16.867332458496094
142,17.654666900634766
143,17.58799934387207
144,17.785999298095703
145,17.74333381652832
146,17.332666397094727
147,17.75200080871582
148,18.0086669921875
149,16.408666610717773
150,16.167333602905273
151,16.076000213623047
152,15.824666976928713
153,15.878000259399414
154,16.167333602905273
155,16.209999084472656
156,16.999332427978516
157,17.381332397460938
158,17.016666412353516
159,16.14533233642578
160,15.38466739654541
161,14.591333389282228
162,14.66866683959961
163,14.989333152770996
164,16.19933319091797
165,16.565332412719727
166,16.604000091552734
167,15.908666610717772
168,16.512666702270508
169,16.3713321685791
170,16.1286678314209
171,16.544666290283203
172,16.5939998626709
173,16.565332412719727
174,16.682666778564453
175,16.87933349609375
176,16.904666900634766
177,17.483333587646484
178,17.471332550048828
179,17.374666213989258
180,17.613332748413086
181,17.395999908447266
182,17.40399932861328
183,17.541332244873047
184,17.12733268737793
185,16.562000274658203
186,16.44333267211914
187,16.559999465942383
188,15.991999626159668
189,16.504667282104492
190,16.40999984741211
191,16.097333908081055
192,15.46399974822998
193,15.114666938781738
194,14.71266746520996
195,14.371999740600586
196,14.616666793823242
197,14.458666801452637
198,14.753999710083008
199,15.133999824523926
200,15.206666946411133
201,14.20199966430664
202,14.005999565124512
203,14.114666938781738
204,13.939332962036133
205,14.350666999816896
206,14.023332595825195
207,14.197333335876465
208,14.108667373657228
209,13.795332908630373
210,14.252667427062988
211,13.890000343322754
212,15.44200038909912
213,15.451333045959473
214,15.490667343139648
215,15.022000312805176
216,14.43333339691162
217,14.60533332824707
218,14.196000099182127
219,13.812666893005373
220,14.28733253479004
221,14.266667366027832
222,14.73799991607666
223,14.786666870117188
224,14.667332649230955
225,14.516667366027832
226,14.550000190734863
227,15.309332847595217
228,15.440667152404783
229,15.350666999816896
230,15.812666893005373
231,15.465999603271484
232,15.513999938964844
233,15.358667373657228
234,15.408666610717772
235,15.114666938781738
236,14.968000411987305
237,15.137999534606934
238,14.468000411987305
239,14.571999549865724
240,14.739333152770996
241,15.633999824523926
242,15.559332847595217
243,15.36400032043457
244,15.503999710083008
245,15.329999923706056
246,15.313332557678224
247,15.371333122253418
248,15.263333320617676
249,15.812666893005373
250,15.87266731262207
251,16.000667572021484
252,14.894000053405762
253,14.895333290100098
254,14.602666854858398
255,14.376667022705078
256,14.06666660308838
257,13.856666564941406
258,13.998000144958496
259,13.354000091552734
260,13.745332717895508
261,13.666000366210938
262,13.64799976348877
263,13.24666690826416
264,13.33133316040039
265,13.50333309173584
266,13.092000007629396
267,12.904000282287598
268,12.538000106811523
269,12.646666526794434
270,12.74666690826416
271,13.129332542419434
272,12.185333251953123
273,11.565333366394045
274,11.68866729736328
275,10.84000015258789
276,9.866000175476074
277,9.883333206176758
278,9.57800006866455
279,10.031332969665527
280,10.06933307647705
281,10.344667434692385
282,11.245332717895508
283,11.118000030517578
284,11.10533332824707
285,11.849332809448242
286,11.814000129699709
287,11.93333339691162
288,12.495332717895508
289,12.689332962036133
290,12.795332908630373
291,12.423333168029783
292,12.555999755859377
293,13.04933261871338
294,13.402667045593262
295,13.685999870300291
296,13.506667137145996
297,13.914667129516602
298,13.678667068481444
299,13.833333015441896
300,14.34333324432373
301,14.555999755859377
302,14.795332908630373
303,15.092000007629396
304,15.515999794006348
305,15.887999534606934
306,15.616000175476074
307,14.838666915893556
308,15.18333339691162
309,15.350666999816896
310,15.342000007629396
311,15.12600040435791
312,15.317999839782717
313,15.839332580566406
314,16.465999603271484
315,17.031333923339844
316,17.69466781616211
317,17.14666748046875
318,16.67133331298828
319,16.661333084106445
320,16.521333694458008
321,16.968666076660156
322,16.790666580200195
323,16.96733283996582
324,16.92533302307129
325,16.4913330078125
326,16.6646671295166
327,16.55266761779785
328,16.916667938232422
329,16.788000106811523
330,16.916000366210938
331,16.764667510986328
332,16.513999938964844
333,16.05066680908203
334,16.1200008392334
335,15.48799991607666
336,14.837332725524902
337,14.10200023651123
338,14.32866668701172
339,13.928000450134276
340,13.912667274475098
341,13.93066692352295
342,13.8186674118042
343,13.84066677093506
344,13.88599967956543
345,13.644000053405762
346,14.07800006866455
347,14.347332954406738
348,14.685333251953123
349,14.414667129516602
350,14.52733325958252
351,14.638667106628418
352,15.008000373840332
353,14.869333267211914
354,14.881999969482422
355,14.637332916259766
356,14.597332954406738
357,14.599332809448242
358,14.711999893188477
359,15.489333152770996
360,15.701333045959473
361,15.290666580200195
362,14.586000442504885
363,14.524666786193848
364,14.330666542053224
365,14.513333320617676
366,14.528667449951172
367,14.364666938781738
368,14.646666526794434
369,14.640666961669922
370,13.11066722869873
371,13.09333324432373
372,12.876667022705078
373,13.236666679382324
374,13.452667236328123
375,14.012666702270508
376,14.152000427246094
377,14.43333339691162
378,14.26533317565918
379,14.29599952697754
380,14.395999908447266
381,14.45199966430664
382,14.985333442687988
383,14.976667404174805
384,14.835332870483398
385,14.768667221069336
386,14.69333267211914
387,15.083333015441896
388,15.017333030700684
389,15.223999977111816
390,14.699999809265137
391,14.817999839782717
392,15.333999633789062
393,15.300666809082031
394,15.232666969299316
395,15.37399959564209
396,15.652667045593262
397,15.333999633789062
398,15.146666526794434
399,15.052666664123535
400,15.37399959564209
401,15.335332870483398
402,15.077333450317385
403,15.272000312805176
404,15.043333053588867
405,14.994000434875488
406,15.040666580200195
407,15.03933334350586
408,14.907333374023438
409,14.88266658782959
410,14.900667190551758
411,15.0
412,14.862000465393066
413,14.989333152770996
414,14.841333389282228
415,14.730667114257812
416,14.666000366210938
417,14.346667289733888
418,14.089332580566406
419,14.133999824523926
420,13.38466739654541
421,13.185333251953123
422,13.522000312805176
423,13.447333335876465
424,13.157333374023438
425,12.964667320251465
426,13.220000267028809
427,13.06999969482422
428,13.093999862670898
429,13.361332893371582
430,13.69333267211914
431,13.755999565124512
432,13.642666816711426
433,13.6813325881958
434,13.76200008392334
435,13.829999923706056
436,13.932666778564451
437,13.720666885375977
438,13.751333236694336
439,13.380000114440918
440,13.60200023651123
441,14.24666690826416
442,14.093999862670898
443,13.897333145141602
444,13.399999618530272
445,13.107333183288574
446,13.396666526794434
447,13.34000015258789
448,13.434000015258787
449,13.349332809448242
450,13.100666999816896
451,12.93066692352295
452,13.273332595825195
453,13.570667266845703
454,13.273332595825195
455,13.339332580566406
456,13.517333030700684
457,13.489333152770996
458,13.482666969299316
459,13.600666999816896
460,13.33133316040039
461,13.182000160217283
462,12.719332695007324
463,12.534667015075684
464,12.494667053222656
465,12.70400047302246
466,12.880666732788086
467,12.996000289916992
468,12.670666694641112
469,12.356666564941406
470,12.570667266845703
471,12.096667289733888
472,12.251333236694336
473,12.26200008392334
474,12.577333450317385
475,12.334667205810549
476,12.3013334274292
477,12.744667053222656
478,12.87600040435791
479,13.109999656677246
480,13.074666976928713
481,12.637999534606934
482,12.626667022705078
483,12.125332832336426
484,12.097999572753906
485,12.453332901000977
486,12.390000343322754
487,12.876667022705078
488,12.81933307647705
489,12.812000274658203
490,12.82866668701172
491,13.210000038146973
492,13.246000289916992
493,13.17199993133545
494,13.499333381652832
495,13.51533317565918
496,13.919333457946776
497,13.846667289733888
498,13.896666526794434
499,14.22266674041748
500,14.635333061218262
501,14.649333000183104
502,14.312000274658203
503,14.246000289916992
504,14.465999603271484
505,15.13266658782959
506,15.116666793823242
507,15.267333030700684
508,15.41866683959961
509,15.324666976928713
510,15.315333366394045
511,15.305999755859377
512,15.850000381469728
513,15.70533275604248
514,15.890666961669922
515,16.250667572021484
516,16.315332412719727
517,16.594667434692383
518,16.974000930786133
519,16.96466636657715
520,16.833999633789062
521,16.863332748413086
522,16.708667755126953
523,16.795333862304688
524,16.615999221801758
525,16.770000457763672
526,16.755332946777344
527,17.184667587280273
528,17.165332794189453
529,17.472000122070312
530,17.946666717529297
531,17.948667526245117
532,18.706666946411133
533,18.73200035095215
534,18.65066719055176
535,17.93000030517578
536,18.148666381835938
537,18.49266624450684
538,18.233999252319336
539,17.06599998474121
540,17.133333206176758
541,16.415332794189453
542,16.666000366210938
543,16.667999267578125
544,16.698667526245117
545,16.771333694458008
546,16.747333526611328
547,16.57266616821289
548,16.45800018310547
549,16.32666778564453
550,16.246000289916992
551,16.411333084106445
552,17.200000762939453
553,17.048667907714844
554,17.469999313354492
555,17.433332443237305
556,17.461332321166992
557,16.711999893188477
558,17.000667572021484
559,16.985332489013672
560,17.54400062561035
561,18.014667510986328
562,18.49666786193848
563,18.492000579833984
564,18.527999877929688
565,18.553333282470703
566,19.90133285522461
567,20.24666786193848
568,19.666667938232425
569,19.913333892822266
570,20.16933250427246
571,20.826000213623047
572,20.58066749572754
573,19.78933334350586
574,20.26666641235352
575,20.09600067138672
576,20.01666641235352
577,20.368000030517575
578,20.167333602905277
579,20.37333297729492
580,20.53533363342285
581,20.91933250427246
582,20.67799949645996
583,20.57533264160156
584,20.9379997253418
585,21.52199935913086
586,21.25933265686035
587,20.73466682434082
588,19.69733238220215
589,20.55666732788086
590,20.47933387756348
591,21.417333602905277
592,21.68133354187012
593,21.540000915527344
594,21.65399932861328
595,21.058666229248047
596,21.13400077819824
597,20.40733337402344
598,20.87066650390625
599,20.722000122070312
600,20.690000534057617
601,20.257333755493164
602,20.68133354187012
603,21.121999740600582
604,21.676000595092773
605,22.34000015258789
606,22.733999252319336
607,22.691333770751957
608,22.656667709350582
609,23.15466690063477
610,23.523332595825195
611,23.976667404174805
612,24.666667938232425
613,23.821332931518555
614,23.93400001525879
615,25.06333351135254
616,25.37733268737793
617,25.022666931152344
618,24.76000022888184
619,24.65333366394043
620,24.81599998474121
621,25.09333229064941
622,25.507333755493164
623,25.56333351135254
624,25.166000366210938
625,24.15800094604492
626,24.74933242797852
627,24.049999237060547
628,24.107332229614254
629,23.507999420166016
630,21.80599975585937
631,20.588666915893555
632,20.881332397460938
633,21.06999969482422
634,21.814666748046875
635,21.968000411987305
636,21.560667037963867
637,21.851999282836918
638,21.30466651916504
639,21.882667541503903
640,21.68400001525879
641,21.994667053222656
642,21.893333435058597
643,22.834667205810547
644,22.63999938964844
645,22.92333221435547
646,22.297332763671875
647,22.33799934387207
648,21.564666748046875
649,21.30466651916504
650,21.72599983215332
651,23.139333724975582
652,23.79400062561035
653,23.67799949645996
654,24.347999572753903
655,24.235332489013672
656,23.69333267211914
657,23.857999801635746
658,24.253332138061523
659,24.155332565307617
660,24.194000244140625
661,23.461332321166992
662,23.16399955749512
663,22.52400016784668
664,22.75666618347168
665,23.51799964904785
666,23.52866744995117
667,23.203332901000977
668,23.04400062561035
669,23.15733337402344
670,23.545333862304688
671,23.726667404174805
672,23.69333267211914
673,23.30599975585937
674,22.96866607666016
675,23.374000549316406
676,22.893333435058597
677,24.246000289916992
678,24.183332443237305
679,24.415332794189453
680,25.176000595092773
681,25.320667266845703
682,25.666667938232425
683,25.00666618347168
684,24.92733383178711
685,24.43199920654297
686,23.4060001373291
687,22.99933242797852
688,23.01666641235352
689,22.731332778930664
690,22.63999938964844
691,22.739999771118164
692,22.768667221069336
693,23.209333419799805
694,23.667333602905277
695,23.68866729736328
696,23.79199981689453
697,22.862667083740234
698,23.70599937438965
699,23.63999938964844
700,23.71199989318848
701,23.704666137695312
702,23.37333297729492
703,23.71666717529297
704,23.976667404174805
705,23.45400047302246
706,23.00666618347168
707,22.468000411987305
708,22.48933219909668
709,21.7226676940918
710,21.744667053222656
711,21.391332626342773
712,21.338666915893555
713,22.101999282836918
714,21.405332565307617
715,19.950666427612305
716,20.4060001373291
717,20.185333251953125
718,20.40333366394043
719,20.292667388916016
720,20.19933319091797
721,20.19933319091797
722,21.02666664123535
723,20.57999992370605
724,20.753332138061523
725,20.833332061767575
726,21.003332138061523
727,20.582666397094727
728,21.187332153320312
729,20.84000015258789
730,21.036666870117188
731,21.12066650390625
732,21.170000076293945
733,20.502666473388672
734,20.59000015258789
735,20.435333251953125
736,20.34666633605957
737,20.24666786193848
738,20.88400077819824
739,20.74933242797852
740,21.0086669921875
741,21.92733383178711
742,22.735332489013672
743,22.601999282836918
744,22.525999069213867
745,22.89666748046875
746,22.591333389282227
747,22.07333374023437
748,21.93199920654297
749,22.11066627502441
750,21.68000030517578
751,21.152666091918945
752,20.775999069213867
753,21.02400016784668
754,20.75666618347168
755,21.368667602539062
756,21.149999618530277
757,20.974666595458984
758,21.10533332824707
759,22.42733383178711
760,22.246000289916992
761,22.31999969482422
762,22.530000686645508
763,22.4146671295166
764,22.67066764831543
765,23.143999099731445
766,22.971332550048828
767,23.334667205810547
768,23.437332153320312
769,23.519332885742188
770,23.05933380126953
771,22.50933265686035
772,22.856666564941406
773,23.302000045776367
774,23.05466651916504
775,23.62066650390625
776,23.28333282470703
777,22.916667938232425
778,22.208667755126957
779,22.264667510986328
780,23.0
781,21.01533317565918
782,20.69466781616211
783,21.048667907714844
784,21.577333450317383
785,21.48733329772949
786,22.271333694458008
787,22.36599922180176
788,22.31800079345703
789,22.21999931335449
790,23.077999114990234
791,23.46999931335449
792,23.827999114990234
793,23.39933204650879
794,22.87066650390625
795,22.062000274658203
796,22.341333389282227
797,22.22333335876465
798,21.8799991607666
799,22.15333366394043
800,21.940000534057617
801,21.81133270263672
802,23.03400039672852
803,22.78933334350586
804,21.775333404541016
805,21.706666946411133
806,21.42333221435547
807,20.90399932861328
808,20.703332901000977
809,21.101999282836918
810,20.606666564941406
811,20.1026668548584
812,20.27866744995117
813,18.61199951171875
814,17.185333251953125
815,17.742000579833984
816,16.832000732421875
817,17.8353328704834
818,19.12933349609375
819,20.381332397460938
820,19.953332901000977
821,19.310667037963867
822,20.31333351135254
823,20.062000274658203
824,19.60533332824707
825,20.022666931152344
826,19.41399955749512
827,19.179332733154297
828,19.55666732788086
829,20.005332946777344
830,19.34933280944824
831,18.891332626342773
832,18.8973331451416
833,18.71266746520996
834,19.03199958801269
835,19.60533332824707
836,19.59333229064941
837,19.994667053222656
838,20.07666778564453
839,18.96333312988281
840,19.606000900268555
841,20.184667587280277
842,20.131332397460938
843,20.456666946411133
844,20.334667205810547
845,20.070667266845703
846,19.46466636657715
847,18.94533348083496
848,19.09866714477539
849,18.96933364868164
850,18.454666137695312
851,18.965999603271484
852,18.333999633789062
853,18.60466766357422
854,18.523332595825195
855,18.59000015258789
856,18.917333602905277
857,19.447999954223636
858,18.98200035095215
859,19.454666137695312
860,19.78266716003418
861,19.408666610717773
862,21.299999237060547
863,21.07266616821289
864,21.17733383178711
865,22.13999938964844
866,22.851333618164062
867,22.985332489013672
868,23.847999572753903
869,23.87800025939941
870,24.722000122070312
871,23.503332138061523
872,24.14800071716309
873,23.167333602905277
874,22.242000579833984
875,22.200666427612305
876,22.799999237060547
877,22.96666717529297
878,23.32866668701172
879,22.86333274841309
880,22.33799934387207
881,20.724000930786133
882,20.61066627502441
883,20.59333229064941
884,21.233999252319336
885,21.49799919128418
886,21.263999938964844
887,21.11400032043457
888,21.257999420166016
889,20.67333221435547
890,21.512666702270508
891,21.59000015258789
892,21.34866714477539
893,20.905332565307617
894,20.21333312988281
895,19.82866668701172
896,20.582666397094727
897,20.44333267211914
898,19.812000274658203
899,19.344667434692383
900,19.875999450683597
901,20.05599975585937
902,23.30266761779785
903,23.211332321166992
904,22.79933357238769
905,25.30466651916504
906,24.689332962036133
907,23.49666786193848
908,23.69933319091797
909,23.76066780090332
910,23.176000595092773
911,22.57933235168457
912,22.36333274841309
913,20.36666679382324
914,20.562667846679688
915,21.459999084472656
916,21.44266700744629
917,21.34000015258789
918,21.521333694458008
919,21.284666061401367
920,20.790666580200195
921,20.333999633789062
922,20.209999084472656
923,20.11066627502441
924,19.26333236694336
925,18.715999603271484
926,18.729999542236328
927,17.549333572387695
928,19.03333282470703
929,18.62933349609375
930,19.369333267211918
931,19.297332763671875
932,19.68000030517578
933,19.6560001373291
934,18.997333526611328
935,19.934667587280277
936,19.8886661529541
937,19.940000534057617
938,19.978666305541992
939,20.06599998474121
940,20.6386661529541
941,20.501333236694336
942,17.65133285522461
943,20.71333312988281
944,20.06800079345703
945,19.65333366394043
946,18.788667678833008
947,17.463333129882812
948,16.70400047302246
949,17.520000457763672
950,17.125333786010742
951,16.815332412719727
952,17.25200080871582
953,17.305999755859375
954,18.439332962036133
955,18.118667602539062
956,17.5939998626709
957,17.333332061767578
958,17.39666748046875
959,19.60933303833008
960,19.233333587646484
961,20.99066734313965
962,22.059999465942383
963,22.32333374023437
964,21.99333381652832
965,22.488000869750977
966,22.95199966430664
967,23.0939998626709
968,22.76000022888184
969,22.73733329772949
970,23.21066665649414
971,23.426666259765625
972,23.367332458496094
973,22.0853328704834
974,22.582000732421875
975,22.933332443237305
976,23.22933387756348
977,23.62066650390625
978,23.564666748046875
979,23.166000366210938
980,22.54599952697754
981,21.722000122070312
982,23.06666755676269
983,22.92799949645996
984,23.191333770751957
985,22.744667053222656
986,23.365333557128903
987,23.89933204650879
988,23.979999542236328
989,24.20400047302246
990,23.86466789245605
991,24.34333229064941
992,24.450666427612305
993,24.440000534057617
994,25.119333267211918
995,24.38066673278809
996,23.22800064086914
997,22.46866607666016
998,22.197999954223636
999,21.025333404541016
1000,21.31800079345703
1001,19.69266700744629
1002,21.73933219909668
1003,21.07533264160156
1004,22.257999420166016
1005,22.18666648864746
1006,20.67466735839844
1007,20.02400016784668
1008,21.179332733154297
1009,22.33066749572754
1010,22.356666564941406
1011,22.568666458129883
1012,22.99799919128418
1013,23.15066719055176
1014,22.293333053588867
1015,22.96199989318848
1016,23.06999969482422
1017,23.15399932861328
1018,20.15066719055176
1019,19.92799949645996
1020,19.172666549682617
1021,19.43400001525879
1022,19.80266761779785
1023,19.7586669921875
1024,19.83066749572754
1025,20.584667205810547
1026,20.468000411987305
1027,20.81399917602539
1028,20.85933303833008
1029,21.42333221435547
1030,21.14800071716309
1031,20.500667572021484
1032,20.386667251586918
1033,20.856000900268555
1034,20.78733253479004
1035,20.544666290283203
1036,20.251333236694336
1037,20.525333404541016
1038,20.375999450683597
1039,20.17066764831543
1040,19.415332794189453
1041,19.6473331451416
1042,19.917999267578125
1043,19.857332229614254
1044,20.982667922973636
1045,21.32533264160156
1046,19.652666091918945
1047,19.02400016784668
1048,18.43600082397461
1049,18.416000366210938
1050,18.439332962036133
1051,18.94266700744629
1052,19.39466667175293
1053,18.89066696166992
1054,19.263999938964844
1055,19.33066749572754
1056,18.36199951171875
1057,17.965999603271484
1058,17.83133316040039
1059,18.239999771118164
1060,18.26799964904785
1061,17.635332107543945
1062,17.3613338470459
1063,17.851333618164062
1064,18.32200050354004
1065,18.57466697692871
1066,18.65733337402344
1067,19.27866744995117
1068,19.058666229248047
1069,19.45400047302246
1070,17.851999282836914
1071,18.33066749572754
1072,18.21333312988281
1073,18.15399932861328
1074,18.40399932861328
1075,17.89466667175293
1076,17.84666633605957
1077,17.7586669921875
1078,18.224000930786133
1079,18.082000732421875
1080,18.21733283996582
1081,17.516666412353516
1082,17.593332290649414
1083,17.243999481201172
1084,16.5086669921875
1085,15.675999641418455
1086,16.097999572753906
1087,15.912667274475098
1088,15.600666999816896
1089,16.273332595825195
1090,17.00200080871582
1091,17.022666931152344
1092,16.470666885375977
1093,16.32266616821289
1094,16.131999969482422
1095,15.968000411987305
1096,15.133999824523926
1097,15.487333297729492
1098,15.463333129882812
1099,15.222000122070312
1100,14.0686674118042
1101,13.690667152404783
1102,13.67199993133545
1103,12.84866714477539
1104,13.03266716003418
1105,12.708666801452637
1106,12.579999923706056
1107,12.657333374023438
1108,12.54800033569336
1109,12.343999862670898
1110,11.9313325881958
1111,12.90666675567627
1112,13.105999946594238
1113,13.729999542236328
1114,13.633333206176758
1115,14.19200038909912
1116,14.473333358764648
1117,13.95066738128662
1118,14.260666847229004
1119,14.32800006866455
1120,15.001999855041504
1121,14.982666969299316
1122,15.095333099365234
1123,14.641332626342772
1124,14.790666580200195
1125,14.90933322906494
1126,14.650667190551758
1127,14.618000030517578
1128,14.855999946594238
1129,14.897333145141602
1130,15.14466667175293
1131,14.970000267028809
1132,15.65999984741211
1133,15.539999961853027
1134,15.355999946594238
1135,15.337332725524902
1136,15.928000450134276
1137,15.90666675567627
1138,16.338666915893555
1139,16.899999618530273
1140,16.825332641601562
1141,16.99066734313965
1142,16.902666091918945
1143,17.211999893188477
1144,17.045333862304688
1145,17.344667434692383
1146,17.658666610717773
1147,15.254667282104492
1148,15.202667236328123
1149,15.718000411987305
1150,16.150667190551758
1151,16.107332229614258
1152,15.59000015258789
1153,15.62266731262207
1154,15.221332550048828
1155,15.383333206176758
1156,15.56133270263672
1157,15.886667251586914
1158,15.667332649230955
1159,15.267333030700684
1160,15.666666984558104
1161,14.641332626342772
1162,14.37600040435791
1163,14.662667274475098
1164,15.121999740600586
1165,15.057332992553713
1166,14.722000122070312
1167,14.8100004196167
1168,14.09333324432373
1169,14.333333015441896
1170,14.272000312805176
1171,14.37266731262207
1172,14.780667304992676
1173,15.040666580200195
1174,15.000666618347168
1175,14.711999893188477
1176,15.305333137512209
1177,15.16333293914795
1178,15.452667236328123
1179,15.702667236328123
1180,16.47333335876465
1181,16.391332626342773
1182,16.34666633605957
1183,16.187332153320312
1184,16.319332122802734
1185,16.232667922973633
1186,16.440000534057617
1187,16.041332244873047
1188,16.082000732421875
1189,14.880666732788086
1190,15.24666690826416
1191,16.17066764831543
1192,16.142000198364258
1193,16.058000564575195
1194,16.312667846679688
1195,16.208667755126953
1196,15.535332679748535
1197,15.428667068481444
1198,15.847999572753906
1199,16.003332138061523
1200,16.302000045776367
1201,16.31599998474121
1202,16.525999069213867
1203,17.130666732788086
1204,17.19266700744629
1205,17.316667556762695
1206,17.46466636657715
1207,17.1299991607666
1208,16.899999618530273
1209,17.038667678833008
1210,16.978666305541992
1211,19.978666305541992
1212,21.875333786010746
1213,21.84733390808105
1214,21.08133316040039
1215,21.000667572021484
1216,20.994667053222656
1217,20.88733291625977
1218,21.1646671295166
1219,21.14800071716309
1220,21.77199935913086
1221,22.369333267211918
1222,22.47599983215332
1223,23.006000518798828
1224,23.32866668701172
1225,23.073999404907227
1226,23.290000915527344
1227,23.47800064086914
1228,23.332666397094727
1229,23.968000411987305
1230,23.481332778930664
1231,23.655332565307617
1232,22.202667236328125
1233,22.422666549682617
1234,21.92799949645996
1235,22.086000442504883
1236,21.996000289916992
1237,22.32466697692871
1238,22.413333892822266
1239,22.20199966430664
1240,22.024667739868164
1241,22.392667770385746
1242,22.635332107543945
1243,23.256000518798828
1244,23.51333236694336
1245,23.978666305541992
1246,23.892667770385746
1247,25.433332443237305
1248,25.266000747680664
1249,26.209999084472656
1250,26.93600082397461
1251,27.03933334350586
1252,27.947999954223636
1253,28.350000381469727
1254,28.72933387756348
1255,28.691999435424805
1256,27.64666748046875
1257,27.8886661529541
1258,28.68400001525879
1259,29.53400039672852
1260,30.1026668548584
1261,31.270666122436523
1262,32.80933380126953
1263,32.089332580566406
1264,31.87666702270508
1265,34.990665435791016
1266,35.861331939697266
1267,34.56666564941406
1268,34.232666015625
1269,34.03333282470703
1270,36.47999954223633
1271,37.97066879272461
1272,38.14666748046875
1273,37.654666900634766
1274,37.20133209228516
1275,37.79333114624024
1276,38.732666015625
1277,42.72066879272461
1278,43.37133407592773
1279,52.0
1280,59.137332916259766
1281,48.97999954223633
1282,49.93066787719727
1283,49.87133407592773
1284,51.41866683959961
1285,51.62533187866211
1286,51.15266799926758
1287,53.59999847412109
1288,53.33533477783203
1289,57.22666549682617
1290,61.16133117675781
1291,59.96066665649414
1292,60.06666564941406
1293,55.58599853515625
1294,53.32733154296875
1295,51.91999816894531
1296,45.26666641235352
1297,44.53266525268555
1298,49.574668884277344
1299,49.70066833496094
1300,49.96666717529297
1301,48.30266571044922
1302,46.89866638183594
1303,40.53333282470703
1304,43.02199935913086
1305,42.28200149536133
1306,37.369998931884766
1307,36.44133377075195
1308,29.67133331298828
1309,28.68000030517578
1310,24.08133316040039
1311,28.50933265686035
1312,28.50200080871582
1313,28.952667236328125
1314,33.66666793823242
1315,35.95000076293945
1316,35.21066665649414
1317,34.29066848754883
1318,33.47533416748047
1319,34.93333435058594
1320,32.104000091552734
1321,30.29800033569336
1322,32.000667572021484
1323,34.41600036621094
1324,36.36333465576172
1325,36.589332580566406
1326,38.20000076293945
1327,43.39666748046875
1328,47.32600021362305
1329,48.65533447265625
1330,49.68066787719727
1331,50.25933456420898
1332,49.75733184814453
1333,45.78133392333984
1334,48.80733489990234
1335,47.04199981689453
1336,48.34333419799805
1337,53.25
1338,51.27466583251953
1339,53.367332458496094
1340,52.12533187866211
1341,46.75466537475586
1342,50.74599838256836
1343,51.2140007019043
1344,52.172000885009766
1345,52.00266647338867
1346,54.62799835205078
1347,54.08599853515625
1348,53.96066665649414
1349,52.73066711425781
1350,53.55533218383789
1351,53.27799987792969
1352,54.242000579833984
1353,53.867332458496094
1354,54.37066650390625
1355,55.17333221435547
1356,54.45866775512695
1357,54.5913314819336
1358,54.68199920654297
1359,53.72066879272461
1360,55.66666793823242
1361,59.87333297729492
1362,58.77066802978516
1363,58.86399841308594
1364,57.62533187866211
1365,59.04399871826172
1366,63.32799911499024
1367,62.711334228515625
1368,68.336669921875
1369,64.85600280761719
1370,62.35200119018555
1371,66.05999755859375
1372,65.47533416748047
1373,66.11933135986328
1374,66.9306640625
1375,66.72666931152344
1376,66.28800201416016
1377,66.78533172607422
1378,64.0566635131836
1379,65.73200225830078
1380,63.982666015625
1381,67.29000091552734
1382,71.98733520507812
1383,74.64199829101562
1384,80.57733154296875
1385,91.43866729736328
1386,92.65733337402344
1387,91.05867004394533
1388,92.9520034790039
1389,102.97666931152344
1390,99.8040008544922
1391,101.12000274658205
1392,103.06732940673828
1393,100.04266357421876
1394,100.05599975585938
1395,109.53333282470705
1396,104.55733489990234
1397,106.15533447265624
1398,100.87133026123048
1399,94.46666717529295
1400,102.63999938964844
1401,98.43267059326172
1402,99.94066619873048
1403,99.16600036621094
1404,95.38400268554688
1405,99.0
1406,99.13333129882812
1407,99.00133514404295
1408,99.30533599853516
1409,96.84733581542967
1410,94.5713348388672
1411,91.6259994506836
1412,103.65066528320312
1413,108.06666564941406
1414,110.04733276367188
1415,122.3759994506836
1416,125.80599975585938
1417,125.23533630371094
1418,133.45533752441406
1419,136.6653289794922
1420,134.27999877929688
1421,134.8893280029297
1422,143.54466247558594
1423,149.25
1424,147.55999755859375
1425,166.10667419433594
1426,158.35000610351562
1427,149.1233367919922
1428,135.6666717529297
1429,139.44000244140625
1430,110.06999969482422
1431,122.09333038330078
1432,123.77999877929688
1433,124.23999786376952
1434,139.8733367919922
1435,149.9199981689453
1436,147.25332641601562
1437,141.14332580566406
1438,147.38333129882812
1439,149.79666137695312
1440,141.41000366210938
1441,126.7866668701172
1442,129.26333618164062
1443,135.77999877929688
1444,140.39999389648438
1445,139.69000244140625
1446,143.00332641601562
1447,149.3866729736328
1448,138.3633270263672
1449,141.89332580566406
1450,137.9933319091797
1451,141.76666259765625
1452,141.97332763671875
1453,144.6666717529297
1454,147.43333435058594
1455,148.88333129882812
1456,153.76666259765625
1457,149.6266632080078
1458,146.55667114257812
1459,143.61000061035156
1460,140.64666748046875
1461,140.8800048828125
1462,141.92999267578125
1463,140.2100067138672
1464,140.0933380126953
1465,141.55999755859375
1466,135.33999633789062
1467,136.94332885742188
1468,129.34666442871094
1469,133.50332641601562
1470,141.3000030517578
1471,140.32666015625
1472,146.02999877929688
1473,143.31666564941406
1474,140.4199981689453
1475,136.7866668701172
1476,139.0433349609375
1477,137.25332641601562
1478,136.1666717529297
1479,136.02999877929688
1480,147.20333862304688
1481,162.2133331298828
1482,166.42333984375
1483,163.20333862304688
1484,173.9499969482422
1485,185.1266632080078
1486,191.3333282470703
1487,195.2533264160156
1488,189.1999969482422
1489,194.9199981689453
1490,189.60667419433597
1491,197.7933349609375
1492,199.67999267578125
1493,213.9199981689453
1494,216.6266632080078
1495,201.4933319091797
1496,209.02333068847656
1497,203.3300018310547
1498,213.27667236328125
1499,211.0833282470703
1500,207.58999633789065
1501,218.63333129882807
1502,231.6666717529297
1503,216.6199951171875
1504,213.44667053222656
1505,215.32666015625
1506,220.58999633789065
1507,221.22999572753903
1508,221.9966735839844
1509,231.5933380126953
1510,235.22332763671875
1511,243.2566680908203
1512,245.0366668701172
1513,251.9933319091797
1514,272.0133361816406
1515,293.3399963378906
1516,270.39666748046875
1517,283.14666748046875
1518,284.8033447265625
1519,281.6666564941406
1520,275.3866577148437
1521,281.51666259765625
1522,283.4833374023437
1523,281.663330078125
1524,282.2133178710937
1525,293.6000061035156
1526,294.36334228515625
1527,288.0533447265625
1528,278.4766540527344
1529,264.510009765625
1530,279.9366760253906
1531,290.92999267578125
1532,284.89666748046875
1533,283.3299865722656
1534,284.07666015625
1535,287.8066711425781
1536,283.1533203125
1537,268.2733459472656
1538,270.5533447265625
1539,272.0400085449219
1540,265.4066772460937
1541,266.04998779296875
1542,262.4599914550781
1543,260.4333190917969
1544,238.1666717529297
1545,232.94667053222656
1546,247.33999633789065
1547,227.4066619873047
1548,225.1666717529297
1549,239.47666931152344
1550,228.81333923339844
1551,217.73333740234372
1552,207.14666748046875
1553,199.3166656494141
1554,187.6666717529297
1555,224.52667236328125
1556,222.6866607666016
1557,233.1999969482422
1558,231.2433319091797
1559,235.97999572753903
1560,225.6266632080078
1561,233.9366607666016
1562,217.72000122070312
1563,218.2899932861328
1564,223.3333282470703
1565,220.72000122070312
1566,210.08999633789065
1567,213.4633331298828
1568,206.23666381835935
1569,203.76333618164065
1570,211.8733367919922
1571,222.6433258056641
1572,220.5833282470703
1573,230.3500061035156
1574,230.5399932861328
1575,223.6566619873047
1576,227.93333435058597
1577,225.67333984375
1578,233.9933319091797
1579,254.10667419433597
1580,244.07666015625
1581,246.2833404541016
1582,246.5933380126953
1583,238.2100067138672
1584,239.663330078125
1585,248.0399932861328
1586,239.89666748046875
1587,243.13333129882807
1588,246.0666656494141
1589,234.913330078125
1590,231.46665954589844
1591,225.6666717529297
1592,236.47999572753903
1593,228.3000030517578
1594,224.5333404541016
1595,223.64666748046875
1596,221.17999267578125
1597,224.1233367919922
1598,209.67999267578125
1599,205.73333740234372
1600,196.6300048828125
1601,190.56333923339844
1602,196.5800018310547
1603,192.27667236328125
1604,192.6233367919922
1605,187.82000732421875
1606,195.5933380126953
1607,193.6266632080078
1608,202.14666748046875
1609,201.56333923339844
1610,206.3766632080078
1611,210.2833404541016
1612,208.4066619873047
1613,207.96665954589844
1614,201.7066650390625
1615,190.94667053222656
1616,199.68333435058597
1617,201.7100067138672
1618,201.19667053222656
1619,199.5933380126953
1620,203.3733367919922
1621,203.29666137695312
1622,205.89666748046875
1623,199.7866668701172
1624,201.6233367919922
1625,205.5333404541016
1626,207.7700042724609
1627,206.94332885742188
1628,207.90333557128903
1629,218.85667419433597
1630,226.60667419433597
1631,223.9566650390625
1632,229.5733337402344
1633,226.9199981689453
1634,226.5666656494141
1635,225.97332763671875
1636,226.3000030517578
1637,219.8600006103516
1638,214.88333129882807
1639,217.60333251953125
1640,218.98333740234372
1641,228.5666656494141
1642,222.8466644287109
1643,217.7933349609375
1644,216.86666870117188
1645,214.7400054931641
1646,215.4066619873047
1647,220.1666717529297
1648,218.42999267578125
1649,216.4199981689453
1650,214.4600067138672
1651,219.2066650390625
1652,214.9266662597656
1653,215.66000366210935
1654,225.7833404541016
1655,229.0666656494141
1656,236.55667114257807
1657,236.5800018310547
1658,236.97332763671875
1659,238.2100067138672
1660,233.0333404541016
1661,237.9199981689453
1662,236.663330078125
1663,235.94000244140625
1664,240.75
1665,239.05667114257807
1666,228.72332763671875
1667,221.90333557128903
1668,229.663330078125
1669,224.4900054931641
1670,226.7533264160156
1671,235.43333435058597
1672,236.163330078125
1673,237.0666656494141
1674,233.72000122070312
1675,237.30667114257807
1676,243.6366729736328
1677,245.2400054931641
1678,244.69667053222656
1679,244.1300048828125
1680,244.52333068847656
1681,250.97332763671875
1682,251.2899932861328
1683,251.6199951171875
1684,245.42333984375
1685,247.6666717529297
1686,248.163330078125
1687,251.94332885742188
1688,252.3300018310547
1689,253.163330078125
1690,243.38999938964844
1691,246.4600067138672
1692,250.64666748046875
1693,251.2133331298828
1694,258.1300048828125
1695,263.78668212890625
1696,259.1866760253906
1697,260.4366760253906
1698,258.49334716796875
1699,258.4066772460937
1700,260.510009765625
1701,260.1966552734375
1702,260.9166564941406
1703,264.53668212890625
1704,261.8299865722656
1705,263.9800109863281
1706,268.5733337402344
1707,270.3599853515625
1708,272.7733459472656
1709,281.010009765625
1710,290.03668212890625
1711,288.0899963378906
1712,288.6000061035156
1713,298.0
1714,303.2266540527344
1715,341.6199951171875
1716,339.4766540527344
1717,345.9533386230469
1718,359.0133361816406
1719,371.3333435058594
1720,402.86334228515625
1721,390.6666564941406
1722,404.6199951171875
1723,409.9700012207031
1724,407.36334228515625
1725,387.6466674804688
1726,341.1666564941406
1727,355.9833374023437
1728,354.5033264160156
1729,344.47332763671875
1730,337.7966613769531
1731,351.57666015625
1732,363.0033264160156
1733,365.4599914550781
1734,379.0199890136719
1735,385.6233215332031
1736,369.6766662597656
1737,372.0
1738,360.6400146484375
1739,378.9966735839844
1740,381.586669921875
1741,365.0
1742,361.5333251953125
1743,338.3233337402344
1744,336.336669921875
1745,350.5833435058594
1746,356.32000732421875
1747,334.6000061035156
1748,339.010009765625
1749,322.1366577148437
1750,319.5033264160156
1751,325.3299865722656
1752,308.97332763671875
1753,310.8566589355469
1754,299.9800109863281
1755,312.84332275390625
1756,336.2900085449219
1757,355.6666564941406
1758,364.6466674804688
1759,362.8233337402344
1760,362.0633239746094
1761,356.7799987792969
1762,352.260009765625
1763,399.9266662597656
1764,383.1966552734375
1765,362.7066650390625
1766,354.8999938964844
1767,342.32000732421875
1768,352.7066650390625
1769,354.79998779296875
1770,368.739990234375
1771,343.85333251953125
1772,349.8699951171875
1773,343.5033264160156
1774,331.8833312988281
1775,332.0899963378906
1776,314.6333312988281
1777,310.0
1778,306.1333312988281
1779,312.4700012207031
1780,276.3666687011719
1781,282.1166687011719
1782,312.239990234375
1783,310.4166564941406
1784,301.8866577148437
1785,297.0466613769531
1786,307.7733459472656
1787,302.4466552734375
1788,307.3333435058594
1789,310.6666564941406
1790,301.51666259765625
1791,286.6666564941406
1792,291.9200134277344
1793,307.4766540527344
1794,307.7966613769531
1795,292.1166687011719
1796,285.6600036621094
1797,273.84332275390625
1798,254.67999267578125
1799,266.92333984375
1800,269.9566650390625
1801,290.1433410644531
1802,288.1233215332031
1803,293.2966613769531
1804,279.7633361816406
1805,279.42999267578125
1806,268.1933288574219
1807,274.79998779296875
1808,286.3233337402344
1809,279.4333190917969
1810,265.1166687011719
1811,255.4566650390625
1812,267.2966613769531
1813,280.07666015625
1814,290.5333251953125
1815,301.7966613769531
1816,307.0533447265625
1817,331.32666015625
1818,333.03668212890625
1819,337.97332763671875
1820,336.8800048828125
1821,363.9466552734375
1822,366.5233459472656
1823,364.663330078125
1824,359.20001220703125
1825,361.5299987792969
1826,381.8166809082031
1827,363.7533264160156
1828,348.586669921875
1829,352.4200134277344
1830,341.8299865722656
1831,325.3099975585937
1832,328.9833374023437
1833,340.7900085449219
1834,328.3333435058594
1835,334.7633361816406
1836,342.7166748046875
1837,325.7333374023437
1838,336.260009765625
1839,335.01666259765625
1840,332.67333984375
1841,292.1400146484375
1842,293.836669921875
1843,292.5033264160156
1844,290.2533264160156
1845,300.9800109863281
1846,303.0833435058594
1847,317.5400085449219
1848,291.09332275390625
1849,288.54998779296875
1850,262.3699951171875
1851,266.67999267578125
1852,244.6666717529297
1853,242.6666717529297
1854,256.5299987792969
1855,241.4566650390625
1856,253.8699951171875
1857,236.60333251953125
1858,236.47332763671875
1859,221.3000030517578
1860,224.96665954589844
1861,209.3866729736328
1862,219.6000061035156
1863,235.91000366210935
1864,253.2100067138672
1865,252.7533264160156
1866,246.7899932861328
1867,258.3333435058594
1868,234.51666259765625
1869,238.27999877929688
1870,238.8866729736328
1871,241.86666870117188
1872,239.7066650390625
1873,232.22999572753903
1874,215.73666381835935
1875,220.88999938964844
1876,233.0
1877,213.1000061035156
1878,216.75999450683597
1879,237.0366668701172
1880,236.086669921875
1881,235.07000732421875
1882,245.7066650390625
1883,244.9199981689453
1884,232.663330078125
1885,228.4900054931641
1886,224.47332763671875
1887,227.26333618164065
1888,233.0666656494141
1889,231.73333740234372
1890,244.5433349609375
1891,250.76333618164065
1892,234.3433380126953
1893,233.07000732421875
1894,237.0399932861328
1895,238.31333923339844
1896,240.0666656494141
1897,240.54666137695312
1898,245.52999877929688
1899,247.5
1900,271.7066650390625
1901,272.24334716796875
1902,268.4333190917969
1903,258.8599853515625
1904,274.82000732421875
1905,280.8999938964844
1906,297.1499938964844
1907,297.27667236328125
1908,300.586669921875
1909,307.39666748046875
1910,308.6333312988281
1911,288.1700134277344
1912,290.42333984375
1913,283.3333435058594
1914,294.3566589355469
1915,286.6300048828125
1916,300.0299987792969
1917,309.32000732421875
1918,306.5633239746094
1919,303.9966735839844
1920,302.8699951171875
1921,296.6666564941406
1922,289.913330078125
1923,296.4533386230469
1924,297.0966796875
1925,296.07000732421875
1926,288.0899963378906
1927,284.82000732421875
1928,277.70001220703125
1929,275.6099853515625
1930,277.1600036621094
1931,270.2099914550781
1932,274.4200134277344
1933,283.70001220703125
1934,289.260009765625
1935,299.67999267578125
1936,304.4200134277344
1937,292.1300048828125
1938,302.6099853515625
1939,303.75
1940,303.3500061035156
1941,309.07000732421875
1942,308.7300109863281
1943,300.79998779296875
1944,288.5899963378906
1945,275.3299865722656
1946,276.010009765625
1947,282.94000244140625
1948,287.8099975585937
1949,268.2099914550781
1950,265.25
1951,242.3999938964844
1952,249.44000244140625
1953,240.80999755859372
1954,238.1300048828125
1955,223.07000732421875
1956,222.9600067138672
1957,216.5
1958,217.2400054931641
1959,221.72000122070312
1960,204.9900054931641
1961,219.3500061035156
1962,220.19000244140625
1963,222.0399932861328
1964,207.27999877929688
1965,214.44000244140625
1966,211.25
1967,222.4199981689453
1968,224.63999938964844
1969,225.08999633789065
1970,228.5200042724609
1971,227.5399932861328
1972,227.82000732421875
1973,214.97999572753903
1974,215.30999755859372
1975,207.47000122070312
1976,197.0800018310547
1977,191.3000030517578
1978,177.58999633789062
1979,190.72000122070312
1980,195.97000122070312
1981,190.9499969482422
1982,194.4199981689453
1983,186.9199981689453
1984,183.1699981689453
1985,180.19000244140625
1986,167.8699951171875
1987,169.91000366210938
1988,183.1999969482422
1989,182.8600006103516
1990,182.9199981689453
1991,180.8300018310547
1992,194.6999969482422
1993,194.6999969482422
1994,194.8600006103516
1995,182.4499969482422
1996,179.82000732421875
1997,174.0399932861328
1998,173.44000244140625
1999,179.0500030517578
2000,167.82000732421875
2001,160.9499969482422
2002,156.8000030517578
2003,157.6699981689453
2004,150.22999572753906
2005,149.8699951171875
2006,137.8000030517578
2007,137.57000732421875
2008,125.3499984741211
2009,123.1500015258789
2010,109.0999984741211
2011,112.70999908447266
2012,121.81999969482422
2013,123.18000030517578
2014,108.0999984741211
2015,113.63999938964844
2016,110.33999633789062
2017,113.05999755859376
2018,119.7699966430664
2019,118.8499984741211
2020,123.22000122070312
2021,123.55999755859376
2022,122.4000015258789
2023,131.49000549316406
2024,128.77999877929688
2025,127.16999816894533
2026,133.4199981689453
2027,143.75
2028,143.88999938964844
2029,144.42999267578125
2030,160.27000427246094
2031,177.89999389648438
2032,166.66000366210938
2033,173.22000122070312
2034,181.41000366210935
2035,188.2700042724609
2036,189.97999572753903
2037,194.75999450683597
2038,196.80999755859372
2039,201.2899932861328
2040,207.32000732421875
2041,196.88999938964844
2042,194.63999938964844
2043,209.25
2044,214.2400054931641
2045,202.0399932861328
2046,208.30999755859372
2047,197.3699951171875
2048,200.8600006103516
2049,202.07000732421875
2050,196.8800048828125
2051,207.6300048828125
2052,205.7100067138672
2053,202.7700042724609
2054,190.8999938964844
2055,197.7899932861328
2056,193.80999755859372
2057,187.7100067138672
2058,182.0
2059,172.9199981689453
2060,173.44000244140625
2061,174.47999572753906
2062,183.25999450683597
2063,180.4499969482422
2064,184.1300048828125
2065,180.1300048828125
2066,183.25
2067,197.5800018310547
2068,191.1499938964844
2069,192.22000122070312
2070,190.41000366210935
2071,191.80999755859372
2072,189.19000244140625
2073,193.8800048828125
2074,195.27999877929688
2075,207.4600067138672
2076,194.7700042724609
2077,192.5800018310547
2078,185.5200042724609
2079,185.05999755859372
2080,184.50999450683597
2081,186.7899932861328
2082,180.5399932861328
2083,185.8999938964844
2084,185.0
2085,187.0399932861328
2086,184.30999755859372
2087,180.58999633789065
2088,162.99000549316406
2089,165.0800018310547
2090,162.5500030517578
2091,160.6699981689453
2092,153.75
2093,160.19000244140625
2094,164.30999755859375
2095,161.8300018310547
2096,160.30999755859375
2097,160.61000061035156
2098,161.1999969482422
2099,170.05999755859375
2100,171.7899932861328
2101,169.14999389648438
2102,168.5399932861328
2103,172.0800018310547
2104,167.97999572753906
2105,166.35000610351562
2106,166.52000427246094
2107,173.86000061035156
2108,176.88999938964844
2109,180.13999938964844
2110,188.8699951171875
2111,185.7700042724609
2112,182.8999938964844
2113,184.47000122070312
2114,193.1699981689453
2115,201.16000366210935
2116,203.92999267578125
2117,207.5200042724609
2118,213.97000122070312
2119,217.6100006103516
2120,221.30999755859372
2121,224.57000732421875
2122,234.8600006103516
2123,244.3999938964844
2124,249.8300018310547
2125,258.7099914550781
2126,256.7900085449219
2127,255.8999938964844
2128,260.5400085449219
2129,274.45001220703125
2130,259.4599914550781
2131,264.6099853515625
2132,256.6000061035156
2133,241.0500030517578
2134,250.2100067138672
2135,256.239990234375
2136,257.5
2137,261.7699890136719
2138,279.82000732421875
2139,282.4800109863281
2140,276.5400085449219
2141,274.42999267578125
2142,269.6099853515625
2143,269.7900085449219
2144,271.989990234375
2145,277.8999938964844
2146,281.3800048828125
2147,290.3800048828125
2148,293.3399963378906
2149,291.260009765625
2150,262.8999938964844
2151,260.0199890136719
2152,269.0599975585937
2153,265.2799987792969
2154,264.3500061035156
2155,255.7100067138672
2156,266.44000244140625
2157,267.42999267578125
2158,261.07000732421875
2159,254.1100006103516
2160,259.32000732421875
2161,253.8600006103516
2162,251.4499969482422
2163,249.6999969482422
2164,242.19000244140625
2165,245.33999633789065
2166,242.6499938964844
2167,239.75999450683597
2168,232.9600067138672
2169,225.6000061035156
2170,219.22000122070312
2171,215.4900054931641
2172,231.27999877929688
2173,233.19000244140625
2174,236.8600006103516
2175,230.0399932861328
2176,238.58999633789065
2177,238.82000732421875
2178,257.17999267578125
2179,256.8999938964844
2180,258.0799865722656
2181,245.00999450683597
2182,256.489990234375
2183,251.9199981689453
2184,251.4900054931641
2185,248.5
2186,273.5799865722656
2187,267.4800109863281
2188,271.29998779296875
2189,276.0400085449219
2190,274.3900146484375
2191,265.2799987792969
2192,266.5
2193,262.5899963378906
2194,255.6999969482422
2195,244.8800048828125
2196,246.9900054931641
2197,244.1199951171875
2198,240.5
2199,246.3800048828125
2200,250.22000122070312
2201,251.6000061035156
2202,246.52999877929688
2203,261.1600036621094
2204,260.04998779296875
2205,260.5299987792969
2206,259.6700134277344
2207,263.6199951171875
2208,262.989990234375
2209,258.8699951171875
2210,251.1199951171875
2211,253.9199981689453
2212,254.8500061035156
2213,242.67999267578125
2214,220.1100006103516
2215,211.9900054931641
2216,212.0800018310547
2217,216.5200042724609
2218,212.4199981689453
2219,205.75999450683597
2220,207.3000030517578
2221,197.3600006103516
2222,200.83999633789065
2223,205.66000366210935
2224,218.50999450683597
2225,219.9600067138672
2226,219.2700042724609
2227,222.17999267578125
2228,222.1100006103516
2229,209.97999572753903
2230,214.6499938964844
2231,223.7100067138672
2232,237.41000366210935
2233,242.83999633789065
2234,233.58999633789065
2235,234.3000030517578
2236,235.6000061035156
2237,241.1999969482422
2238,234.2100067138672
2239,235.4499969482422
2240,236.0800018310547
2241,246.72000122070312
2242,244.13999938964844
2243,240.0800018310547
2244,238.8300018310547
2245,235.5800018310547
2246,238.72000122070312
2247,239.3699951171875
2248,242.63999938964844
2249,243.83999633789065
2250,239.7400054931641
2251,237.00999450683597
2252,239.2899932861328
2253,251.0500030517578
2254,253.5
2255,252.0800018310547
2256,257.2200012207031
2257,247.13999938964844
2258,254.5
2259,252.5399932861328
2260,256.6099853515625
2261,261.44000244140625
2262,253.17999267578125
2263,248.47999572753903
2264,248.4199981689453
2265,238.4499969482422
2266,237.92999267578125
2267,237.4900054931641
2268,240.4499969482422
2269,234.9600067138672
2270,233.94000244140625
2271,227.22000122070312
2272,218.88999938964844
2273,219.91000366210935
2274,215.5500030517578
2275,211.8800048828125
2276,212.19000244140625
2277,208.8000030517578
2278,209.13999938964844
2279,207.8300018310547
2280,182.6300048828125
2281,183.25
2282,190.92999267578125
2283,191.58999633789065
2284,187.2899932861328
2285,188.8600006103516
2286,187.91000366210935
2287,181.05999755859372
2288,185.1000061035156
2289,187.5800018310547
2290,189.55999755859372
2291,193.57000732421875
2292,188.1300048828125
2293,184.0200042724609
2294,188.7100067138672
2295,200.4499969482422
2296,199.9499969482422
2297,193.75999450683597
2298,194.7700042724609
2299,197.41000366210935
2300,191.97000122070312
2301,199.3999938964844
2302,199.72999572753903
2303,202.0399932861328
2304,201.8800048828125
2305,202.63999938964844
2306,188.13999938964844
2307,180.7400054931641
2308,176.5399932861328
2309,178.64999389648438
2310,175.33999633789062
2311,177.77000427246094
2312,177.5399932861328
2313,169.47999572753906
2314,162.5
2315,163.57000732421875
2316,173.8000030517578
2317,171.32000732421875
2318,175.66000366210938
2319,172.82000732421875
2320,170.8300018310547
2321,172.6300048828125
2322,177.6699981689453
2323,179.8300018310547
2324,175.7899932861328
2325,175.22000122070312
2326,166.6300048828125
2327,168.3800048828125
2328,171.11000061035156
2329,164.89999389648438
2330,172.97999572753906
2331,176.8800048828125
2332,171.75999450683594
2333,174.60000610351562
2334,171.0500030517578
2335,161.47999572753906
2336,157.11000061035156
2337,155.4499969482422
2338,149.92999267578125
2339,147.0500030517578
2340,142.0500030517578
2341,144.67999267578125
2342,162.1300048828125
2343,170.17999267578125
2344,168.2899932861328
2345,194.0500030517578
2346,183.27999877929688
2347,179.99000549316406
